hs6,tariff
010111,40.0
010119,40.0
010120,40.0
010210,40.0
010290,40.0
010310,40.0
010391,40.0
010392,40.0
010410,40.0
010420,40.0
010511,40.0
010512,40.0
010519,40.0
010592,40.0
010593,40.0
010599,40.0
010600,40.0
020110,15.0
020120,15.0
020130,15.0
020210,15.0
020220,15.0
020230,15.0
020311,15.0
020312,15.0
020319,15.0
020321,15.0
020322,15.0
020329,15.0
020410,15.0
020421,15.0
020422,15.0
020423,15.0
020430,15.0
020441,15.0
020442,15.0
020443,15.0
020450,15.0
020500,15.0
020610,15.0
020621,15.0
020622,15.0
020629,15.0
020630,15.0
020641,15.0
020649,15.0
020680,15.0
020690,15.0
020711,15.0
020712,15.0
020713,15.0
020714,15.0
020724,15.0
020725,15.0
020726,15.0
020727,15.0
020732,15.0
020733,15.0
020734,15.0
020735,15.0
020736,15.0
020810,15.0
020820,15.0
020890,15.0
020900,15.0
021011,15.0
021012,15.0
021019,15.0
021020,15.0
021090,15.0
030110,15.0
030191,15.0
030192,15.0
030193,15.0
030199,15.0
030211,15.0
030212,15.0
030219,15.0
030221,15.0
030222,15.0
030223,15.0
030229,15.0
030231,15.0
030232,15.0
030233,15.0
030239,15.0
030240,15.0
030250,15.0
030261,15.0
030262,15.0
030263,15.0
030264,15.0
030265,15.0
030266,15.0
030269,15.0
030270,15.0
030310,15.0
030321,15.0
030322,15.0
030329,15.0
030331,15.0
030332,15.0
030333,15.0
030339,15.0
030341,15.0
030342,15.0
030343,15.0
030349,15.0
030350,15.0
030360,15.0
030371,15.0
030372,15.0
030373,15.0
030374,15.0
030375,15.0
030376,15.0
030377,15.0
030378,15.0
030379,15.0
030380,15.0
030410,15.0
030420,15.0
030490,15.0
030510,15.0
030520,15.0
030530,15.0
030541,15.0
030542,15.0
030549,15.0
030551,15.0
030559,15.0
030561,15.0
030562,15.0
030563,15.0
030569,15.0
030611,15.0
030612,15.0
030613,15.0
030614,15.0
030619,15.0
030621,15.0
030622,15.0
030623,15.0
030624,15.0
030629,15.0
030710,15.0
030721,15.0
030729,15.0
030731,15.0
030739,15.0
030741,15.0
030749,15.0
030751,15.0
030759,15.0
030760,15.0
030791,15.0
030799,15.0
040110,35.0
040120,35.0
040130,35.0
040210,0.0
040221,0.0
040229,35.0
040291,35.0
040299,35.0
040310,35.0
040390,35.0
040410,35.0
040490,35.0
040510,35.0
040520,35.0
040590,35.0
040610,35.0
040620,35.0
040630,35.0
040640,35.0
040690,35.0
040700,35.0
040811,35.0
040819,35.0
040891,35.0
040899,35.0
040900,35.0
041000,35.0
050100,15.0
050210,15.0
050290,15.0
050300,15.0
050400,15.0
050510,15.0
050590,15.0
050610,15.0
050690,15.0
050710,15.0
050790,15.0
050800,15.0
050900,15.0
051000,15.0
051110,15.0
051191,15.0
051199,15.0
060110,5.0
060120,5.0
060210,5.0
060220,5.0
060230,5.0
060240,5.0
060290,5.0
060310,15.0
060390,15.0
060410,15.0
060491,15.0
060499,15.0
070110,15.0
070190,15.0
070200,15.0
070310,15.0
070320,15.0
070390,15.0
070410,15.0
070420,15.0
070490,15.0
070511,15.0
070519,15.0
070521,15.0
070529,15.0
070610,15.0
070690,15.0
070700,15.0
070810,15.0
070820,15.0
070890,15.0
070910,15.0
070920,15.0
070930,15.0
070940,15.0
070951,15.0
070952,15.0
070960,15.0
070970,15.0
070990,15.0
071010,15.0
071021,15.0
071022,15.0
071029,15.0
071030,15.0
071040,15.0
071080,15.0
071090,15.0
071110,15.0
071120,15.0
071130,15.0
071140,15.0
071190,15.0
071220,15.0
071230,15.0
071290,15.0
071310,5.0
071320,5.0
071331,5.0
071332,5.0
071333,5.0
071339,5.0
071340,5.0
071350,5.0
071390,5.0
071410,15.0
071420,15.0
071490,15.0
080111,40.0
080119,40.0
080121,40.0
080122,40.0
080131,0.0
080132,40.0
080211,0.0
080212,0.0
080221,40.0
080222,40.0
080231,40.0
080232,40.0
080240,40.0
080250,40.0
080290,40.0
080300,40.0
080410,35.0
080420,40.0
080430,40.0
080440,40.0
080450,40.0
080510,40.0
080520,40.0
080530,40.0
080540,40.0
080590,40.0
080610,25.0
080620,120.0
080711,40.0
080719,40.0
080720,40.0
080810,40.0
080820,40.0
080910,40.0
080920,40.0
080930,40.0
080940,25.0
081010,40.0
081020,40.0
081030,40.0
081040,40.0
081050,40.0
081090,15.0
081110,40.0
081120,40.0
081190,40.0
081210,40.0
081220,40.0
081290,40.0
081310,40.0
081320,40.0
081330,40.0
081340,40.0
081350,40.0
081400,40.0
090111,15.0
090112,15.0
090121,15.0
090122,15.0
090190,15.0
090210,15.0
090220,15.0
090230,15.0
090240,15.0
090300,35.0
090411,35.0
090412,35.0
090420,35.0
090500,35.0
090610,35.0
090620,35.0
090700,35.0
090810,35.0
090820,35.0
090830,35.0
090910,35.0
090920,35.0
090930,35.0
090940,35.0
090950,35.0
091010,35.0
091020,35.0
091030,35.0
091040,35.0
091050,35.0
091091,35.0
091099,35.0
100110,0.0
100190,0.0
100200,0.0
100300,0.0
100400,0.0
100510,0.0
100590,0.0
100610,0.0
100620,0.0
100630,0.0
100640,0.0
100700,0.0
100810,0.0
100820,0.0
100830,0.0
100890,0.0
110100,35.0
110210,35.0
110220,35.0
110230,35.0
110290,35.0
110311,35.0
110312,35.0
110313,35.0
110314,35.0
110319,35.0
110321,35.0
110329,35.0
110411,35.0
110412,35.0
110419,35.0
110421,35.0
110422,35.0
110423,35.0
110429,35.0
110430,35.0
110510,35.0
110520,35.0
110610,35.0
110620,35.0
110630,35.0
110710,35.0
110720,35.0
110811,35.0
110812,35.0
110813,35.0
110814,35.0
110819,35.0
110820,35.0
110900,35.0
120100,40.0
120210,40.0
120220,40.0
120300,40.0
120400,40.0
120500,40.0
120600,40.0
120710,40.0
120720,40.0
120730,40.0
120740,40.0
120750,40.0
120760,40.0
120791,40.0
120792,40.0
120799,40.0
120810,40.0
120890,40.0
120911,15.0
120919,15.0
120921,15.0
120922,15.0
120923,15.0
120924,15.0
120925,15.0
120926,15.0
120929,15.0
120930,15.0
120991,5.0
120999,5.0
121010,40.0
121020,40.0
121110,40.0
121120,40.0
121190,15.0
121210,40.0
121220,40.0
121230,40.0
121291,40.0
121292,40.0
121299,40.0
121300,40.0
121410,40.0
121490,40.0
130110,40.0
130120,40.0
130190,40.0
130211,40.0
130212,40.0
130213,40.0
130214,40.0
130219,40.0
130220,40.0
130231,40.0
130232,40.0
130239,40.0
140110,15.0
140120,15.0
140190,15.0
140210,15.0
140290,15.0
140310,15.0
140390,15.0
140410,15.0
140420,15.0
140490,15.0
150100,35.0
150200,15.0
150300,35.0
150410,35.0
150420,35.0
150430,35.0
150510,15.0
150590,15.0
150600,35.0
150710,35.0
150790,35.0
150810,35.0
150890,35.0
150910,35.0
150990,35.0
151000,35.0
151110,35.0
151190,35.0
151211,35.0
151219,35.0
151221,35.0
151229,35.0
151311,40.0
151319,40.0
151321,35.0
151329,35.0
151410,35.0
151490,35.0
151511,35.0
151519,35.0
151521,35.0
151529,35.0
151530,35.0
151540,35.0
151550,35.0
151560,35.0
151590,35.0
151610,35.0
151620,35.0
151710,35.0
151790,35.0
151800,35.0
152000,35.0
152110,35.0
152190,35.0
152200,35.0
160100,40.0
160210,40.0
160220,40.0
160231,40.0
160232,40.0
160239,40.0
160241,40.0
160242,40.0
160249,40.0
160250,40.0
160290,40.0
160300,40.0
160411,40.0
160412,40.0
160413,40.0
160414,40.0
160415,40.0
160416,40.0
160419,40.0
160420,40.0
160430,40.0
160510,40.0
160520,40.0
160530,40.0
160540,40.0
160590,40.0
170111,40.0
170112,40.0
170191,40.0
170199,40.0
170211,25.0
170219,25.0
170220,40.0
170230,40.0
170240,40.0
170250,40.0
170260,40.0
170290,40.0
170310,15.0
170390,15.0
170410,40.0
170490,40.0
180100,35.0
180200,40.0
180310,40.0
180320,40.0
180400,40.0
180500,40.0
180610,40.0
180620,40.0
180631,40.0
180632,40.0
180690,40.0
190110,15.0
190120,40.0
190190,40.0
190211,40.0
190219,40.0
190220,40.0
190230,40.0
190240,40.0
190300,40.0
190410,40.0
190420,40.0
190490,40.0
190510,40.0
190520,40.0
190530,40.0
190540,40.0
190590,40.0
200110,40.0
200120,40.0
200190,40.0
200210,40.0
200290,40.0
200310,40.0
200320,40.0
200410,40.0
200490,40.0
200510,40.0
200520,40.0
200540,40.0
200551,40.0
200559,40.0
200560,40.0
200570,40.0
200580,40.0
200590,40.0
200600,40.0
200710,40.0
200791,40.0
200799,40.0
200811,40.0
200819,40.0
200820,40.0
200830,40.0
200840,40.0
200850,40.0
200860,40.0
200870,40.0
200880,40.0
200891,40.0
200892,40.0
200899,40.0
200911,40.0
200919,40.0
200920,40.0
200930,40.0
200940,40.0
200950,40.0
200960,40.0
200970,40.0
200980,40.0
200990,40.0
210111,40.0
210112,40.0
210120,40.0
210130,40.0
210210,40.0
210220,40.0
210230,40.0
210310,40.0
210320,40.0
210330,40.0
210390,40.0
210410,40.0
210420,40.0
210500,40.0
210610,40.0
210690,180.0
220110,40.0
220190,40.0
220210,40.0
220290,40.0
220300,100.0
220410,100.0
220421,100.0
220429,100.0
220430,100.0
220510,100.0
220590,100.0
220600,100.0
220710,230.0
220720,15.0
220820,230.0
220830,230.0
220840,230.0
220850,230.0
220860,230.0
220870,230.0
220890,230.0
220900,40.0
230110,40.0
230120,5.0
230210,40.0
230220,40.0
230230,40.0
230240,40.0
230250,40.0
230310,40.0
230320,40.0
230330,40.0
230400,40.0
230500,40.0
230610,40.0
230620,40.0
230630,40.0
230640,40.0
230650,40.0
230660,40.0
230670,40.0
230690,40.0
230700,40.0
230810,40.0
230890,40.0
230910,40.0
230990,40.0
240110,40.0
240120,40.0
240130,40.0
240210,40.0
240220,40.0
240290,40.0
240310,40.0
240391,40.0
240399,40.0
250100,25.0
250200,25.0
250300,25.0
250410,35.0
250490,35.0
250510,25.0
250590,25.0
250610,25.0
250621,25.0
250629,25.0
250700,25.0
250810,25.0
250820,25.0
250830,25.0
250840,25.0
250850,25.0
250860,25.0
250870,25.0
250900,25.0
251010,5.0
251020,5.0
251110,25.0
251120,25.0
251200,25.0
251311,25.0
251319,25.0
251320,25.0
251400,25.0
251511,40.0
251512,40.0
251520,40.0
251611,40.0
251612,40.0
251621,40.0
251622,40.0
251690,40.0
251710,25.0
251720,25.0
251730,25.0
251741,25.0
251749,25.0
251810,25.0
251820,25.0
251830,25.0
251910,40.0
251990,40.0
252010,25.0
252020,25.0
252100,25.0
252210,25.0
252220,25.0
252230,25.0
252310,40.0
252321,40.0
252329,40.0
252330,40.0
252390,40.0
252400,25.0
252510,25.0
252520,25.0
252530,25.0
252610,25.0
252620,25.0
252700,25.0
252810,25.0
252890,25.0
252910,25.0
252921,25.0
252922,25.0
252930,25.0
253010,25.0
253020,25.0
253040,25.0
253090,25.0
260111,5.0
260112,5.0
260120,5.0
260200,5.0
260300,5.0
260400,5.0
260500,5.0
260600,5.0
260700,5.0
260800,5.0
260900,5.0
261000,5.0
261100,5.0
261210,5.0
261220,5.0
261310,5.0
261390,5.0
261400,5.0
261510,5.0
261590,5.0
261610,5.0
261690,5.0
261710,5.0
261790,5.0
261800,5.0
261900,5.0
262011,35.0
262019,35.0
262020,5.0
262030,35.0
262040,5.0
262050,5.0
262090,5.0
262100,5.0
270111,15.0
270112,15.0
270119,15.0
270120,15.0
270210,15.0
270220,15.0
270300,15.0
270400,15.0
270500,35.0
270600,35.0
270710,35.0
270720,35.0
270730,35.0
270740,35.0
270750,35.0
270760,25.0
270791,35.0
270799,35.0
270810,35.0
270820,35.0
270900,20.0
271000,30.0
271111,10.0
271112,10.0
271113,10.0
271114,10.0
271119,10.0
271121,10.0
271129,10.0
271210,30.0
271220,30.0
271290,30.0
271311,25.0
271312,30.0
271320,30.0
271390,30.0
271410,10.0
271490,10.0
271500,30.0
271600,0.0
280110,35.0
280120,15.0
280130,35.0
280200,35.0
280300,35.0
280410,35.0
280421,35.0
280429,35.0
280430,35.0
280440,35.0
280450,35.0
280461,35.0
280469,35.0
280470,35.0
280480,35.0
280490,35.0
280511,35.0
280519,35.0
280521,35.0
280522,35.0
280530,35.0
280540,35.0
280610,35.0
280620,35.0
280700,35.0
280800,35.0
280910,35.0
280920,35.0
281000,35.0
281111,35.0
281119,35.0
281121,35.0
281122,35.0
281123,35.0
281129,35.0
281210,35.0
281290,35.0
281310,35.0
281390,35.0
281410,5.0
281420,5.0
281511,35.0
281512,35.0
281520,35.0
281530,35.0
281610,35.0
281620,35.0
281630,35.0
281700,35.0
281810,35.0
281820,35.0
281830,35.0
281910,35.0
281990,35.0
282010,35.0
282090,35.0
282110,35.0
282120,35.0
282200,35.0
282300,40.0
282410,35.0
282420,35.0
282490,35.0
282510,35.0
282520,35.0
282530,35.0
282540,35.0
282550,35.0
282560,35.0
282570,35.0
282580,35.0
282590,35.0
282611,35.0
282612,35.0
282619,35.0
282620,35.0
282630,35.0
282690,35.0
282710,35.0
282720,35.0
282731,35.0
282732,35.0
282733,35.0
282734,35.0
282735,35.0
282736,35.0
282738,35.0
282739,35.0
282741,35.0
282749,35.0
282751,35.0
282759,35.0
282760,35.0
282810,35.0
282890,35.0
282911,35.0
282919,35.0
282990,35.0
283010,35.0
283020,35.0
283030,35.0
283090,35.0
283110,35.0
283190,35.0
283210,35.0
283220,35.0
283230,35.0
283311,35.0
283319,35.0
283321,35.0
283322,35.0
283323,35.0
283324,35.0
283325,35.0
283326,35.0
283327,35.0
283329,35.0
283330,35.0
283340,35.0
283410,35.0
283421,35.0
283422,35.0
283429,35.0
283510,35.0
283522,35.0
283523,35.0
283524,35.0
283525,35.0
283526,35.0
283529,35.0
283531,35.0
283539,35.0
283610,35.0
283620,35.0
283630,35.0
283640,35.0
283650,35.0
283660,35.0
283670,35.0
283691,35.0
283692,35.0
283699,35.0
283711,35.0
283719,35.0
283720,35.0
283800,35.0
283911,35.0
283919,35.0
283920,35.0
283990,35.0
284011,35.0
284019,35.0
284020,35.0
284030,35.0
284110,35.0
284120,35.0
284130,35.0
284140,35.0
284150,35.0
284161,35.0
284169,35.0
284170,35.0
284180,35.0
284190,35.0
284210,35.0
284290,35.0
284310,35.0
284321,35.0
284329,35.0
284330,35.0
284390,35.0
284410,35.0
284420,35.0
284430,35.0
284440,35.0
284450,35.0
284510,35.0
284590,35.0
284610,35.0
284690,35.0
284700,35.0
284800,35.0
284910,35.0
284920,35.0
284990,35.0
285000,35.0
285100,35.0
290110,15.0
290121,15.0
290122,15.0
290123,15.0
290124,15.0
290129,15.0
290211,15.0
290219,15.0
290220,15.0
290230,15.0
290241,15.0
290242,15.0
290243,15.0
290244,15.0
290250,15.0
290260,15.0
290270,15.0
290290,15.0
290311,35.0
290312,35.0
290313,35.0
290314,35.0
290315,15.0
290316,35.0
290319,35.0
290321,35.0
290322,35.0
290323,35.0
290329,35.0
290330,35.0
290341,35.0
290342,35.0
290343,35.0
290344,35.0
290345,35.0
290346,35.0
290347,35.0
290349,35.0
290351,35.0
290359,35.0
290361,35.0
290362,35.0
290369,35.0
290410,35.0
290420,35.0
290490,35.0
290511,35.0
290512,35.0
290513,35.0
290514,35.0
290515,35.0
290516,35.0
290517,35.0
290519,35.0
290522,35.0
290529,35.0
290531,35.0
290532,35.0
290539,35.0
290541,35.0
290542,35.0
290543,35.0
290544,35.0
290545,35.0
290549,35.0
290550,35.0
290611,35.0
290612,35.0
290613,35.0
290614,35.0
290619,35.0
290621,35.0
290629,35.0
290711,35.0
290712,35.0
290713,35.0
290714,35.0
290715,35.0
290719,35.0
290721,35.0
290722,35.0
290723,35.0
290729,35.0
290730,35.0
290810,35.0
290820,35.0
290890,35.0
290911,35.0
290919,35.0
290920,35.0
290930,35.0
290941,35.0
290942,35.0
290943,35.0
290944,35.0
290949,35.0
290950,35.0
290960,35.0
291010,35.0
291020,35.0
291030,25.0
291090,35.0
291100,35.0
291211,35.0
291212,35.0
291213,35.0
291219,35.0
291221,35.0
291229,35.0
291230,35.0
291241,35.0
291242,35.0
291249,35.0
291250,35.0
291260,35.0
291300,35.0
291411,35.0
291412,35.0
291413,35.0
291419,35.0
291421,35.0
291422,35.0
291423,35.0
291429,35.0
291431,35.0
291439,35.0
291440,35.0
291450,35.0
291461,35.0
291469,35.0
291470,35.0
291511,35.0
291512,35.0
291513,35.0
291521,35.0
291522,35.0
291523,35.0
291524,35.0
291529,35.0
291531,35.0
291532,35.0
291533,35.0
291534,35.0
291535,35.0
291539,35.0
291540,35.0
291550,35.0
291560,35.0
291570,35.0
291590,35.0
291611,35.0
291612,35.0
291613,35.0
291614,35.0
291615,35.0
291619,35.0
291620,35.0
291631,35.0
291632,35.0
291634,35.0
291635,35.0
291639,35.0
291711,35.0
291712,25.0
291713,35.0
291714,35.0
291719,35.0
291720,35.0
291731,35.0
291732,35.0
291733,35.0
291734,35.0
291735,35.0
291736,25.0
291737,25.0
291739,35.0
291811,35.0
291812,25.0
291813,35.0
291814,40.0
291815,35.0
291816,35.0
291817,35.0
291819,35.0
291821,35.0
291822,35.0
291823,35.0
291829,35.0
291830,35.0
291890,35.0
291900,35.0
292010,35.0
292090,35.0
292111,35.0
292112,35.0
292119,35.0
292121,35.0
292122,35.0
292129,35.0
292130,35.0
292141,35.0
292142,35.0
292143,35.0
292144,35.0
292145,35.0
292149,35.0
292151,35.0
292159,35.0
292211,35.0
292212,35.0
292213,35.0
292219,35.0
292221,35.0
292222,35.0
292229,35.0
292230,35.0
292241,35.0
292242,35.0
292243,35.0
292249,35.0
292250,35.0
292310,35.0
292320,35.0
292390,35.0
292410,35.0
292421,35.0
292422,35.0
292429,35.0
292511,35.0
292519,35.0
292520,35.0
292610,35.0
292620,35.0
292690,35.0
292700,35.0
292800,35.0
292910,35.0
292990,35.0
293010,35.0
293020,35.0
293030,35.0
293040,35.0
293090,35.0
293100,35.0
293211,35.0
293212,35.0
293213,35.0
293219,35.0
293221,35.0
293229,35.0
293291,35.0
293292,35.0
293293,35.0
293294,35.0
293299,35.0
293311,35.0
293319,35.0
293321,25.0
293329,35.0
293331,35.0
293332,35.0
293339,35.0
293340,35.0
293351,35.0
293359,35.0
293361,35.0
293369,35.0
293371,25.0
293379,35.0
293390,35.0
293410,35.0
293420,35.0
293430,35.0
293490,35.0
293500,35.0
293610,35.0
293621,35.0
293622,35.0
293623,35.0
293624,35.0
293625,35.0
293626,35.0
293627,35.0
293628,35.0
293629,35.0
293690,35.0
293710,35.0
293721,35.0
293722,35.0
293729,35.0
293791,35.0
293792,35.0
293799,35.0
293810,35.0
293890,35.0
293910,35.0
293921,35.0
293929,35.0
293930,35.0
293941,35.0
293942,35.0
293949,35.0
293950,35.0
293961,35.0
293962,35.0
293963,35.0
293969,35.0
293970,35.0
293990,35.0
294000,35.0
294110,35.0
294120,35.0
294130,35.0
294140,35.0
294150,35.0
294190,35.0
294200,35.0
300110,35.0
300120,35.0
300190,35.0
300210,35.0
300220,35.0
300230,35.0
300290,35.0
300310,35.0
300320,35.0
300331,35.0
300339,35.0
300340,35.0
300390,35.0
300410,35.0
300420,35.0
300431,35.0
300432,35.0
300439,35.0
300440,35.0
300450,35.0
300490,35.0
300510,35.0
300590,35.0
300610,35.0
300620,35.0
300630,35.0
300640,35.0
300650,35.0
300660,0.0
310100,35.0
310210,35.0
310221,5.0
310229,35.0
310230,35.0
310240,35.0
310250,0.0
310260,35.0
310270,35.0
310280,35.0
310290,35.0
310310,35.0
310320,35.0
310390,35.0
310410,35.0
310420,35.0
310430,5.0
310490,35.0
310510,35.0
310520,0.0
310530,5.0
310540,5.0
310551,5.0
310559,5.0
310560,5.0
310590,5.0
320110,15.0
320120,15.0
320190,15.0
320210,35.0
320290,35.0
320300,35.0
320411,35.0
320412,35.0
320413,35.0
320414,35.0
320415,35.0
320416,35.0
320417,35.0
320419,35.0
320420,35.0
320490,35.0
320500,35.0
320611,40.0
320619,40.0
320620,35.0
320630,35.0
320641,35.0
320642,35.0
320643,35.0
320649,35.0
320650,35.0
320710,35.0
320720,35.0
320730,35.0
320740,35.0
320810,35.0
320820,35.0
320890,35.0
320910,35.0
320990,35.0
321000,35.0
321100,35.0
321210,35.0
321290,35.0
321310,35.0
321390,35.0
321410,35.0
321490,35.0
321511,35.0
321519,35.0
321590,35.0
330111,40.0
330112,40.0
330113,40.0
330114,40.0
330119,40.0
330121,40.0
330122,40.0
330123,40.0
330124,40.0
330125,40.0
330126,40.0
330129,40.0
330130,40.0
330190,40.0
330210,180.0
330290,40.0
330300,40.0
330410,40.0
330420,40.0
330430,40.0
330491,40.0
330499,40.0
330510,40.0
330520,40.0
330530,40.0
330590,40.0
330610,40.0
330620,40.0
330690,40.0
330710,40.0
330720,40.0
330730,40.0
330741,40.0
330749,40.0
330790,40.0
340111,40.0
340119,40.0
340120,40.0
340211,40.0
340212,40.0
340213,40.0
340219,40.0
340220,40.0
340290,40.0
340311,40.0
340319,40.0
340391,40.0
340399,40.0
340410,40.0
340420,40.0
340490,40.0
340510,40.0
340520,40.0
340530,40.0
340540,40.0
340590,40.0
340600,40.0
340700,40.0
350110,35.0
350190,35.0
350211,35.0
350219,35.0
350220,35.0
350290,35.0
350300,35.0
350400,35.0
350510,35.0
350520,35.0
350610,35.0
350691,35.0
350699,35.0
350710,35.0
350790,35.0
360100,35.0
360200,35.0
360300,35.0
360410,35.0
360490,35.0
360500,35.0
360610,35.0
360690,35.0
370110,25.0
370120,15.0
370130,25.0
370191,25.0
370199,25.0
370210,25.0
370220,15.0
370231,25.0
370232,25.0
370239,25.0
370241,25.0
370242,25.0
370243,25.0
370244,25.0
370251,25.0
370252,25.0
370253,25.0
370254,25.0
370255,25.0
370256,25.0
370291,25.0
370292,25.0
370293,25.0
370294,25.0
370295,25.0
370310,25.0
370320,25.0
370390,25.0
370400,25.0
370510,25.0
370520,25.0
370590,25.0
370610,25.0
370690,25.0
370710,35.0
370790,35.0
380110,35.0
380120,35.0
380130,35.0
380190,35.0
380210,35.0
380290,35.0
380300,35.0
380400,35.0
380510,35.0
380520,35.0
380590,35.0
380610,35.0
380620,35.0
380630,35.0
380690,35.0
380700,35.0
380810,35.0
380820,35.0
380830,35.0
380840,35.0
380890,35.0
380910,35.0
380991,35.0
380992,35.0
380993,35.0
381010,35.0
381090,35.0
381111,35.0
381119,35.0
381121,35.0
381129,35.0
381190,35.0
381210,35.0
381220,35.0
381230,35.0
381300,35.0
381400,35.0
381511,25.0
381512,25.0
381519,25.0
381590,25.0
381600,35.0
381710,25.0
381720,35.0
381800,15.0
381900,35.0
382000,35.0
382100,35.0
382200,35.0
382311,35.0
382312,35.0
382313,35.0
382319,35.0
382370,35.0
382410,35.0
382420,35.0
382430,35.0
382440,35.0
382450,35.0
382460,35.0
382471,35.0
382479,35.0
382490,35.0
390110,35.0
390120,35.0
390130,35.0
390190,35.0
390210,35.0
390220,35.0
390230,35.0
390290,35.0
390311,35.0
390319,35.0
390320,35.0
390330,35.0
390390,35.0
390410,35.0
390421,35.0
390422,35.0
390430,35.0
390440,35.0
390450,35.0
390461,35.0
390469,35.0
390490,35.0
390512,35.0
390519,35.0
390521,35.0
390529,35.0
390530,35.0
390591,35.0
390599,35.0
390610,35.0
390690,35.0
390710,35.0
390720,35.0
390730,35.0
390740,35.0
390750,35.0
390760,35.0
390791,35.0
390799,35.0
390810,35.0
390890,35.0
390910,35.0
390920,35.0
390930,35.0
390940,35.0
390950,35.0
391000,35.0
391110,35.0
391190,35.0
391211,35.0
391212,35.0
391220,35.0
391231,35.0
391239,35.0
391290,35.0
391310,35.0
391390,35.0
391400,35.0
391510,35.0
391520,35.0
391530,35.0
391590,35.0
391610,35.0
391620,35.0
391690,35.0
391710,35.0
391721,35.0
391722,35.0
391723,35.0
391729,35.0
391731,35.0
391732,35.0
391733,35.0
391739,35.0
391740,35.0
391810,35.0
391890,35.0
391910,35.0
391990,35.0
392010,35.0
392020,35.0
392030,35.0
392041,35.0
392042,35.0
392051,35.0
392059,35.0
392061,35.0
392062,35.0
392063,35.0
392069,35.0
392071,35.0
392072,35.0
392073,35.0
392079,35.0
392091,35.0
392092,35.0
392093,35.0
392094,35.0
392099,35.0
392111,35.0
392112,35.0
392113,35.0
392114,35.0
392119,35.0
392190,35.0
392210,35.0
392220,35.0
392290,35.0
392310,35.0
392321,35.0
392329,35.0
392330,35.0
392340,35.0
392350,35.0
392390,35.0
392410,35.0
392490,35.0
392510,35.0
392520,35.0
392530,35.0
392590,35.0
392610,35.0
392620,35.0
392630,35.0
392640,35.0
392690,35.0
400110,25.0
400121,25.0
400122,25.0
400129,25.0
400130,40.0
400211,40.0
400219,40.0
400220,40.0
400231,40.0
400239,40.0
400241,40.0
400249,40.0
400251,40.0
400259,40.0
400260,40.0
400270,40.0
400280,40.0
400291,40.0
400299,40.0
400300,40.0
400400,40.0
400510,40.0
400520,40.0
400591,40.0
400599,40.0
400610,40.0
400690,40.0
400700,40.0
400811,40.0
400819,40.0
400821,40.0
400829,40.0
400910,40.0
400920,40.0
400930,40.0
400940,40.0
400950,40.0
401011,40.0
401012,40.0
401013,40.0
401019,40.0
401021,40.0
401022,40.0
401023,40.0
401024,40.0
401029,40.0
401110,40.0
401120,40.0
401130,40.0
401140,40.0
401150,40.0
401191,40.0
401199,40.0
401210,40.0
401220,40.0
401290,40.0
401310,40.0
401320,40.0
401390,40.0
401410,40.0
401490,40.0
401511,40.0
401519,40.0
401590,40.0
401610,40.0
401691,40.0
401692,40.0
401693,40.0
401694,40.0
401695,40.0
401699,40.0
401700,40.0
410110,0.0
410121,0.0
410122,0.0
410129,0.0
410130,0.0
410140,0.0
410210,0.0
410221,0.0
410229,0.0
410310,0.0
410320,0.0
410390,0.0
410410,25.0
410421,25.0
410422,25.0
410429,25.0
410431,25.0
410439,25.0
410511,25.0
410512,25.0
410519,25.0
410520,25.0
410611,25.0
410612,25.0
410619,25.0
410620,25.0
410710,25.0
410721,25.0
410729,25.0
410790,25.0
410800,25.0
410900,25.0
411000,25.0
411100,25.0
420100,40.0
420211,40.0
420212,40.0
420219,40.0
420221,40.0
420222,40.0
420229,40.0
420231,40.0
420232,40.0
420239,40.0
420291,40.0
420292,40.0
420299,40.0
420310,40.0
420321,40.0
420329,40.0
420330,40.0
420340,40.0
420400,40.0
420500,40.0
420610,40.0
420690,40.0
430110,15.0
430120,15.0
430130,0.0
430140,15.0
430150,15.0
430160,15.0
430170,15.0
430180,15.0
430190,15.0
430211,15.0
430212,15.0
430213,0.0
430219,15.0
430220,15.0
430230,15.0
430310,40.0
430390,40.0
430400,40.0
440110,5.0
440121,5.0
440122,5.0
440130,5.0
440200,5.0
440310,5.0
440320,5.0
440341,5.0
440349,5.0
440391,5.0
440392,5.0
440399,5.0
440410,25.0
440420,25.0
440500,25.0
440610,25.0
440690,25.0
440710,25.0
440724,25.0
440725,25.0
440726,25.0
440729,25.0
440791,25.0
440792,25.0
440799,25.0
440810,35.0
440831,35.0
440839,35.0
440890,35.0
440910,35.0
440920,35.0
441011,40.0
441019,40.0
441090,40.0
441111,40.0
441119,40.0
441121,40.0
441129,40.0
441131,40.0
441139,40.0
441191,40.0
441199,40.0
441213,35.0
441214,35.0
441219,35.0
441222,35.0
441223,35.0
441229,35.0
441292,35.0
441293,35.0
441299,35.0
441300,35.0
441400,35.0
441510,35.0
441520,35.0
441600,35.0
441700,35.0
441810,35.0
441820,35.0
441830,35.0
441840,35.0
441850,35.0
441890,35.0
441900,35.0
442010,35.0
442090,35.0
442110,35.0
442190,35.0
450110,35.0
450190,35.0
450200,35.0
450310,35.0
450390,35.0
450410,35.0
450490,35.0
460110,40.0
460120,40.0
460191,40.0
460199,40.0
460210,40.0
460290,40.0
470100,5.0
470200,5.0
470311,5.0
470319,5.0
470321,5.0
470329,5.0
470411,5.0
470419,5.0
470421,5.0
470429,5.0
470500,5.0
470610,5.0
470620,5.0
470691,5.0
470692,5.0
470693,5.0
470710,5.0
470720,5.0
470730,5.0
470790,5.0
480100,15.0
480210,35.0
480220,35.0
480230,35.0
480240,35.0
480251,35.0
480252,35.0
480253,35.0
480260,35.0
480300,35.0
480411,35.0
480419,35.0
480421,35.0
480429,35.0
480431,35.0
480439,35.0
480441,35.0
480442,35.0
480449,35.0
480451,35.0
480452,35.0
480459,35.0
480510,35.0
480521,35.0
480522,35.0
480523,35.0
480529,35.0
480530,35.0
480540,35.0
480550,35.0
480560,35.0
480570,35.0
480580,35.0
480610,35.0
480620,35.0
480630,35.0
480640,35.0
480710,35.0
480790,35.0
480810,35.0
480820,35.0
480830,35.0
480890,35.0
480910,35.0
480920,35.0
480990,35.0
481011,35.0
481012,35.0
481021,35.0
481029,35.0
481031,35.0
481032,35.0
481039,35.0
481091,35.0
481099,35.0
481110,35.0
481121,35.0
481129,35.0
481131,35.0
481139,35.0
481140,35.0
481190,35.0
481200,40.0
481310,40.0
481320,40.0
481390,40.0
481410,40.0
481420,40.0
481430,40.0
481490,40.0
481500,40.0
481610,40.0
481620,40.0
481630,40.0
481690,40.0
481710,40.0
481720,40.0
481730,40.0
481810,40.0
481820,40.0
481830,40.0
481840,40.0
481850,40.0
481890,40.0
481910,40.0
481920,40.0
481930,40.0
481940,40.0
481950,40.0
481960,40.0
482010,40.0
482020,40.0
482030,40.0
482040,40.0
482050,40.0
482090,40.0
482110,40.0
482190,40.0
482210,40.0
482290,40.0
482311,40.0
482319,40.0
482320,35.0
482340,40.0
482351,40.0
482359,40.0
482360,40.0
482370,40.0
482390,40.0
490110,25.0
490191,25.0
490199,25.0
490210,0.0
490290,0.0
490300,25.0
490400,0.0
490510,0.0
490591,0.0
490599,0.0
490600,0.0
490700,25.0
490810,25.0
490890,25.0
490900,25.0
491000,25.0
491110,25.0
491191,25.0
491199,25.0
500100,35.0
500200,35.0
500310,35.0
500390,35.0
500400,35.0
500500,35.0
500600,35.0
500710,35.0
500720,35.0
500790,35.0
510111,15.0
510119,15.0
510121,15.0
510129,15.0
510130,15.0
510210,15.0
510220,15.0
510310,15.0
510320,15.0
510330,15.0
510400,15.0
510510,35.0
510521,35.0
510529,35.0
510530,35.0
510540,35.0
510610,40.0
510620,40.0
510710,40.0
510720,40.0
510810,40.0
510820,40.0
510910,40.0
510990,40.0
511000,40.0
511111,40.0
511119,40.0
511120,40.0
511130,40.0
511190,40.0
511211,40.0
511219,40.0
511220,40.0
511230,40.0
511290,40.0
511300,40.0
520100,5.0
520210,25.0
520291,25.0
520299,25.0
520300,40.0
520411,25.0
520419,40.0
520420,40.0
520511,25.0
520512,25.0
520513,25.0
520514,25.0
520515,25.0
520521,25.0
520522,25.0
520523,25.0
520524,25.0
520526,25.0
520527,25.0
520528,25.0
520531,25.0
520532,25.0
520533,25.0
520534,25.0
520535,25.0
520541,25.0
520542,25.0
520543,25.0
520544,25.0
520546,25.0
520547,25.0
520548,25.0
520611,40.0
520612,40.0
520613,40.0
520614,40.0
520615,40.0
520621,40.0
520622,40.0
520623,40.0
520624,40.0
520625,40.0
520631,40.0
520632,40.0
520633,40.0
520634,40.0
520635,40.0
520641,40.0
520642,40.0
520643,40.0
520644,40.0
520645,40.0
520710,25.0
520790,40.0
520811,40.0
520812,40.0
520813,40.0
520819,40.0
520821,40.0
520822,40.0
520823,40.0
520829,40.0
520831,40.0
520832,40.0
520833,40.0
520839,40.0
520841,40.0
520842,40.0
520843,40.0
520849,40.0
520851,40.0
520852,40.0
520853,40.0
520859,40.0
520911,40.0
520912,40.0
520919,40.0
520921,40.0
520922,40.0
520929,40.0
520931,40.0
520932,40.0
520939,40.0
520941,40.0
520942,40.0
520943,40.0
520949,40.0
520951,40.0
520952,40.0
520959,40.0
521011,40.0
521012,40.0
521019,40.0
521021,40.0
521022,40.0
521029,40.0
521031,40.0
521032,40.0
521039,40.0
521041,40.0
521042,40.0
521049,40.0
521051,40.0
521052,40.0
521059,40.0
521111,40.0
521112,40.0
521119,40.0
521121,40.0
521122,40.0
521129,40.0
521131,40.0
521132,40.0
521139,40.0
521141,40.0
521142,40.0
521143,40.0
521149,40.0
521151,40.0
521152,40.0
521159,40.0
521211,40.0
521212,40.0
521213,40.0
521214,40.0
521215,40.0
521221,40.0
521222,40.0
521223,40.0
521224,40.0
521225,40.0
530110,35.0
530121,35.0
530129,35.0
530130,35.0
530210,35.0
530290,35.0
530310,35.0
530390,35.0
530410,35.0
530490,35.0
530511,35.0
530519,35.0
530521,35.0
530529,35.0
530591,35.0
530599,35.0
530610,40.0
530620,40.0
530710,40.0
530720,40.0
530810,40.0
530820,40.0
530830,40.0
530890,40.0
530911,40.0
530919,40.0
530921,40.0
530929,40.0
531010,40.0
531090,40.0
531100,40.0
540110,40.0
540120,40.0
540210,35.0
540220,35.0
540231,35.0
540232,35.0
540233,35.0
540239,35.0
540241,35.0
540242,35.0
540243,35.0
540249,35.0
540251,35.0
540252,35.0
540259,35.0
540261,35.0
540262,35.0
540269,35.0
540310,35.0
540320,35.0
540331,35.0
540332,35.0
540333,35.0
540339,35.0
540341,35.0
540342,35.0
540349,35.0
540410,40.0
540490,40.0
540500,40.0
540610,40.0
540620,40.0
540710,40.0
540720,40.0
540730,40.0
540741,40.0
540742,40.0
540743,40.0
540744,40.0
540751,40.0
540752,40.0
540753,40.0
540754,40.0
540761,40.0
540769,40.0
540771,40.0
540772,40.0
540773,40.0
540774,40.0
540781,40.0
540782,40.0
540783,40.0
540784,40.0
540791,40.0
540792,40.0
540793,40.0
540794,40.0
540810,40.0
540821,40.0
540822,40.0
540823,40.0
540824,40.0
540831,40.0
540832,40.0
540833,40.0
540834,40.0
550110,35.0
550120,35.0
550130,35.0
550190,35.0
550200,35.0
550310,35.0
550320,35.0
550330,35.0
550340,35.0
550390,35.0
550410,35.0
550490,35.0
550510,35.0
550520,35.0
550610,35.0
550620,35.0
550630,35.0
550690,35.0
550700,35.0
550810,40.0
550820,40.0
550911,40.0
550912,40.0
550921,40.0
550922,40.0
550931,40.0
550932,40.0
550941,40.0
550942,40.0
550951,40.0
550952,40.0
550953,40.0
550959,40.0
550961,40.0
550962,40.0
550969,40.0
550991,40.0
550992,40.0
550999,40.0
551011,40.0
551012,40.0
551020,40.0
551030,40.0
551090,40.0
551110,40.0
551120,40.0
551130,40.0
551211,40.0
551219,40.0
551221,40.0
551229,40.0
551291,40.0
551299,40.0
551311,40.0
551312,40.0
551313,40.0
551319,40.0
551321,40.0
551322,40.0
551323,40.0
551329,40.0
551331,40.0
551332,40.0
551333,40.0
551339,40.0
551341,40.0
551342,40.0
551343,40.0
551349,40.0
551411,40.0
551412,40.0
551413,40.0
551419,40.0
551421,40.0
551422,40.0
551423,40.0
551429,40.0
551431,40.0
551432,40.0
551433,40.0
551439,40.0
551441,40.0
551442,40.0
551443,40.0
551449,40.0
551511,40.0
551512,40.0
551513,40.0
551519,40.0
551521,40.0
551522,40.0
551529,40.0
551591,40.0
551592,40.0
551599,40.0
551611,40.0
551612,40.0
551613,40.0
551614,40.0
551621,40.0
551622,40.0
551623,40.0
551624,40.0
551631,40.0
551632,40.0
551633,40.0
551634,40.0
551641,40.0
551642,40.0
551643,40.0
551644,40.0
551691,40.0
551692,40.0
551693,40.0
551694,40.0
560110,40.0
560121,40.0
560122,40.0
560129,40.0
560130,40.0
560210,40.0
560221,40.0
560229,40.0
560290,40.0
560311,40.0
560312,40.0
560313,40.0
560314,40.0
560391,40.0
560392,40.0
560393,40.0
560394,40.0
560410,40.0
560420,40.0
560490,40.0
560500,40.0
560600,40.0
560710,40.0
560721,40.0
560729,40.0
560730,40.0
560741,40.0
560749,40.0
560750,40.0
560790,40.0
560811,40.0
560819,40.0
560890,40.0
560900,40.0
570110,40.0
570190,40.0
570210,40.0
570220,40.0
570231,40.0
570232,40.0
570239,40.0
570241,40.0
570242,40.0
570249,40.0
570251,40.0
570252,40.0
570259,40.0
570291,40.0
570292,40.0
570299,40.0
570310,40.0
570320,40.0
570330,40.0
570390,40.0
570410,40.0
570490,40.0
570500,40.0
580110,40.0
580121,40.0
580122,40.0
580123,40.0
580124,40.0
580125,40.0
580126,40.0
580131,40.0
580132,40.0
580133,40.0
580134,40.0
580135,40.0
580136,40.0
580190,40.0
580211,40.0
580219,40.0
580220,40.0
580230,40.0
580310,40.0
580390,40.0
580410,40.0
580421,40.0
580429,40.0
580430,40.0
580500,40.0
580610,40.0
580620,40.0
580631,40.0
580632,40.0
580639,40.0
580640,40.0
580710,40.0
580790,40.0
580810,40.0
580890,40.0
580900,40.0
581010,40.0
581091,40.0
581092,40.0
581099,40.0
581100,40.0
590110,40.0
590190,40.0
590210,40.0
590220,40.0
590290,40.0
590310,40.0
590320,40.0
590390,40.0
590410,40.0
590491,40.0
590492,40.0
590500,40.0
590610,40.0
590691,40.0
590699,40.0
590700,40.0
590800,40.0
590900,40.0
591000,40.0
591110,40.0
591120,40.0
591131,40.0
591132,40.0
591140,40.0
591190,40.0
600110,40.0
600121,40.0
600122,40.0
600129,40.0
600191,40.0
600192,40.0
600199,40.0
600210,40.0
600220,40.0
600230,40.0
600241,40.0
600242,40.0
600243,40.0
600249,40.0
600291,40.0
600292,40.0
600293,40.0
600299,40.0
610110,40.0
610120,40.0
610130,40.0
610190,40.0
610210,40.0
610220,40.0
610230,40.0
610290,40.0
610311,40.0
610312,40.0
610319,40.0
610321,40.0
610322,40.0
610323,40.0
610329,40.0
610331,40.0
610332,40.0
610333,40.0
610339,40.0
610341,40.0
610342,40.0
610343,40.0
610349,40.0
610411,40.0
610412,40.0
610413,40.0
610419,40.0
610421,40.0
610422,40.0
610423,40.0
610429,40.0
610431,40.0
610432,40.0
610433,40.0
610439,40.0
610441,40.0
610442,40.0
610443,40.0
610444,40.0
610449,40.0
610451,40.0
610452,40.0
610453,40.0
610459,40.0
610461,40.0
610462,40.0
610463,40.0
610469,40.0
610510,40.0
610520,40.0
610590,40.0
610610,40.0
610620,40.0
610690,40.0
610711,40.0
610712,40.0
610719,40.0
610721,40.0
610722,40.0
610729,40.0
610791,40.0
610792,40.0
610799,40.0
610811,40.0
610819,40.0
610821,40.0
610822,40.0
610829,40.0
610831,40.0
610832,40.0
610839,40.0
610891,40.0
610892,40.0
610899,40.0
610910,40.0
610990,40.0
611010,40.0
611020,40.0
611030,40.0
611090,40.0
611110,40.0
611120,40.0
611130,40.0
611190,40.0
611211,40.0
611212,40.0
611219,40.0
611220,40.0
611231,40.0
611239,40.0
611241,40.0
611249,40.0
611300,40.0
611410,40.0
611420,40.0
611430,40.0
611490,40.0
611511,40.0
611512,40.0
611519,40.0
611520,40.0
611591,40.0
611592,40.0
611593,40.0
611599,40.0
611610,40.0
611691,40.0
611692,40.0
611693,40.0
611699,40.0
611710,40.0
611720,40.0
611780,40.0
611790,40.0
620111,40.0
620112,40.0
620113,40.0
620119,40.0
620191,40.0
620192,40.0
620193,40.0
620199,40.0
620211,40.0
620212,40.0
620213,40.0
620219,40.0
620291,40.0
620292,40.0
620293,40.0
620299,40.0
620311,40.0
620312,40.0
620319,40.0
620321,40.0
620322,40.0
620323,40.0
620329,40.0
620331,40.0
620332,40.0
620333,40.0
620339,40.0
620341,40.0
620342,40.0
620343,40.0
620349,40.0
620411,40.0
620412,40.0
620413,40.0
620419,40.0
620421,40.0
620422,40.0
620423,40.0
620429,40.0
620431,40.0
620432,40.0
620433,40.0
620439,40.0
620441,40.0
620442,40.0
620443,40.0
620444,40.0
620449,40.0
620451,40.0
620452,40.0
620453,40.0
620459,40.0
620461,40.0
620462,40.0
620463,40.0
620469,40.0
620510,40.0
620520,40.0
620530,40.0
620590,40.0
620610,40.0
620620,40.0
620630,40.0
620640,40.0
620690,40.0
620711,40.0
620719,40.0
620721,40.0
620722,40.0
620729,40.0
620791,40.0
620792,40.0
620799,40.0
620811,40.0
620819,40.0
620821,40.0
620822,40.0
620829,40.0
620891,40.0
620892,40.0
620899,40.0
620910,40.0
620920,40.0
620930,40.0
620990,40.0
621010,40.0
621020,40.0
621030,40.0
621040,40.0
621050,40.0
621111,40.0
621112,40.0
621120,40.0
621131,40.0
621132,40.0
621133,40.0
621139,40.0
621141,40.0
621142,40.0
621143,40.0
621149,40.0
621210,40.0
621220,40.0
621230,40.0
621290,40.0
621310,40.0
621320,40.0
621390,40.0
621410,40.0
621420,40.0
621430,40.0
621440,40.0
621490,40.0
621510,40.0
621520,40.0
621590,40.0
621600,40.0
621710,40.0
621790,40.0
630110,40.0
630120,40.0
630130,40.0
630140,40.0
630190,40.0
630210,40.0
630221,40.0
630222,40.0
630229,40.0
630231,40.0
630232,40.0
630239,40.0
630240,40.0
630251,40.0
630252,40.0
630253,40.0
630259,40.0
630260,40.0
630291,40.0
630292,40.0
630293,40.0
630299,40.0
630311,40.0
630312,40.0
630319,40.0
630391,40.0
630392,40.0
630399,40.0
630411,40.0
630419,40.0
630491,40.0
630492,40.0
630493,40.0
630499,40.0
630510,40.0
630520,40.0
630532,40.0
630533,40.0
630539,40.0
630590,40.0
630611,40.0
630612,40.0
630619,40.0
630621,40.0
630622,40.0
630629,40.0
630631,40.0
630639,40.0
630641,40.0
630649,40.0
630691,40.0
630699,40.0
630710,40.0
630720,40.0
630790,40.0
630800,40.0
630900,40.0
631010,25.0
631090,25.0
640110,40.0
640191,40.0
640192,40.0
640199,40.0
640212,40.0
640219,40.0
640220,40.0
640230,40.0
640291,40.0
640299,40.0
640312,40.0
640319,40.0
640320,40.0
640330,40.0
640340,40.0
640351,40.0
640359,40.0
640391,40.0
640399,40.0
640411,40.0
640419,40.0
640420,40.0
640510,40.0
640520,40.0
640590,40.0
640610,40.0
640620,40.0
640691,40.0
640699,40.0
650100,40.0
650200,40.0
650300,40.0
650400,40.0
650510,40.0
650590,40.0
650610,40.0
650691,40.0
650692,40.0
650699,40.0
650700,40.0
660110,40.0
660191,40.0
660199,40.0
660200,40.0
660310,40.0
660320,40.0
660390,40.0
670100,40.0
670210,40.0
670290,40.0
670300,40.0
670411,40.0
670419,40.0
670420,40.0
670490,40.0
680100,40.0
680210,40.0
680221,40.0
680222,40.0
680223,40.0
680229,40.0
680291,40.0
680292,40.0
680293,40.0
680299,40.0
680300,40.0
680410,40.0
680421,40.0
680422,40.0
680423,40.0
680430,40.0
680510,40.0
680520,40.0
680530,40.0
680610,35.0
680620,35.0
680690,35.0
680710,40.0
680790,40.0
680800,40.0
680911,40.0
680919,40.0
680990,40.0
681011,40.0
681019,40.0
681091,40.0
681099,40.0
681110,40.0
681120,40.0
681130,40.0
681190,40.0
681210,40.0
681220,40.0
681230,40.0
681240,40.0
681250,40.0
681260,40.0
681270,40.0
681290,40.0
681310,40.0
681390,40.0
681410,40.0
681490,40.0
681510,40.0
681520,40.0
681591,40.0
681599,40.0
690100,40.0
690210,25.0
690220,25.0
690290,25.0
690310,25.0
690320,25.0
690390,25.0
690410,40.0
690490,40.0
690510,40.0
690590,40.0
690600,40.0
690710,40.0
690790,40.0
690810,40.0
690890,40.0
690911,40.0
690912,40.0
690919,40.0
690990,40.0
691010,40.0
691090,40.0
691110,40.0
691190,40.0
691200,40.0
691310,40.0
691390,40.0
691410,40.0
691490,40.0
700100,40.0
700210,40.0
700220,40.0
700231,40.0
700232,40.0
700239,40.0
700312,40.0
700319,40.0
700320,40.0
700330,40.0
700420,40.0
700490,40.0
700510,40.0
700521,40.0
700529,40.0
700530,40.0
700600,40.0
700711,40.0
700719,40.0
700721,40.0
700729,40.0
700800,40.0
700910,40.0
700991,40.0
700992,40.0
701010,40.0
701020,40.0
701091,40.0
701092,40.0
701093,40.0
701094,40.0
701110,40.0
701120,40.0
701190,40.0
701200,40.0
701310,40.0
701321,40.0
701329,40.0
701331,40.0
701332,40.0
701339,40.0
701391,40.0
701399,40.0
701400,40.0
701510,40.0
701590,40.0
701610,40.0
701690,40.0
701710,40.0
701720,40.0
701790,40.0
701810,40.0
701820,40.0
701890,40.0
701911,40.0
701912,40.0
701919,40.0
701931,40.0
701932,40.0
701939,40.0
701940,40.0
701951,40.0
701952,40.0
701959,40.0
701990,40.0
702000,40.0
710110,40.0
710121,40.0
710122,40.0
710210,40.0
710221,40.0
710229,40.0
710231,40.0
710239,40.0
710310,40.0
710391,40.0
710399,40.0
710410,40.0
710420,40.0
710490,40.0
710510,40.0
710590,40.0
710610,40.0
710691,40.0
710692,40.0
710700,40.0
710811,40.0
710812,40.0
710813,40.0
710820,40.0
710900,40.0
711011,40.0
711019,40.0
711021,40.0
711029,40.0
711031,40.0
711039,40.0
711041,40.0
711049,40.0
711100,40.0
711210,40.0
711220,40.0
711290,40.0
711311,40.0
711319,40.0
711320,40.0
711411,40.0
711419,40.0
711420,40.0
711510,40.0
711590,40.0
711610,40.0
711620,40.0
711711,40.0
711719,40.0
711790,40.0
711810,40.0
711890,40.0
720110,35.0
720120,35.0
720150,35.0
720211,25.0
720219,25.0
720221,25.0
720229,25.0
720230,25.0
720241,25.0
720249,25.0
720250,25.0
720260,25.0
720270,25.0
720280,25.0
720291,25.0
720292,25.0
720293,25.0
720299,25.0
720310,35.0
720390,35.0
720410,35.0
720421,35.0
720429,35.0
720430,35.0
720441,35.0
720449,35.0
720450,35.0
720510,35.0
720521,35.0
720529,35.0
720610,35.0
720690,35.0
720711,35.0
720712,35.0
720719,35.0
720720,35.0
720810,35.0
720825,35.0
720826,35.0
720827,35.0
720836,35.0
720837,35.0
720838,35.0
720839,35.0
720840,35.0
720851,35.0
720852,35.0
720853,35.0
720854,35.0
720890,35.0
720915,35.0
720916,35.0
720917,35.0
720918,35.0
720925,35.0
720926,35.0
720927,35.0
720928,35.0
720990,35.0
721011,35.0
721012,35.0
721020,35.0
721030,35.0
721041,35.0
721049,35.0
721050,35.0
721061,35.0
721069,35.0
721070,35.0
721090,35.0
721113,35.0
721114,35.0
721119,35.0
721123,35.0
721129,35.0
721190,35.0
721210,35.0
721220,35.0
721230,35.0
721240,35.0
721250,35.0
721260,35.0
721310,35.0
721320,35.0
721391,35.0
721399,35.0
721410,35.0
721420,35.0
721430,35.0
721491,35.0
721499,35.0
721510,35.0
721550,35.0
721590,35.0
721610,35.0
721621,35.0
721622,35.0
721631,35.0
721632,35.0
721633,35.0
721640,35.0
721650,35.0
721661,35.0
721669,35.0
721691,35.0
721699,35.0
721710,35.0
721720,35.0
721730,35.0
721790,35.0
721810,35.0
721891,35.0
721899,35.0
721911,35.0
721912,35.0
721913,35.0
721914,35.0
721921,35.0
721922,35.0
721923,35.0
721924,35.0
721931,35.0
721932,35.0
721933,35.0
721934,35.0
721935,35.0
721990,35.0
722011,35.0
722012,35.0
722020,35.0
722090,35.0
722100,35.0
722211,35.0
722219,35.0
722220,35.0
722230,35.0
722240,35.0
722300,35.0
722410,35.0
722490,35.0
722511,35.0
722519,35.0
722520,35.0
722530,35.0
722540,35.0
722550,35.0
722591,35.0
722592,35.0
722599,35.0
722611,35.0
722619,35.0
722620,35.0
722691,35.0
722692,35.0
722693,35.0
722694,35.0
722699,35.0
722710,35.0
722720,35.0
722790,35.0
722810,35.0
722820,35.0
722830,35.0
722840,35.0
722850,35.0
722860,35.0
722870,35.0
722880,35.0
722910,35.0
722920,35.0
722990,35.0
730110,35.0
730120,35.0
730210,35.0
730220,35.0
730230,35.0
730240,35.0
730290,35.0
730300,35.0
730410,35.0
730421,35.0
730429,35.0
730431,35.0
730439,35.0
730441,35.0
730449,35.0
730451,35.0
730459,35.0
730490,35.0
730511,35.0
730512,35.0
730519,35.0
730520,35.0
730531,35.0
730539,35.0
730590,35.0
730610,35.0
730620,35.0
730630,35.0
730640,35.0
730650,35.0
730660,35.0
730690,35.0
730711,35.0
730719,35.0
730721,35.0
730722,35.0
730723,35.0
730729,35.0
730791,35.0
730792,35.0
730793,35.0
730799,35.0
730810,35.0
730820,35.0
730830,35.0
730840,35.0
730890,35.0
730900,35.0
731010,35.0
731021,35.0
731029,35.0
731100,35.0
731210,35.0
731290,35.0
731300,35.0
731412,35.0
731413,35.0
731414,35.0
731419,35.0
731420,35.0
731431,35.0
731439,35.0
731441,35.0
731442,35.0
731449,35.0
731450,35.0
731511,35.0
731512,35.0
731519,35.0
731520,35.0
731581,35.0
731582,35.0
731589,35.0
731590,35.0
731600,35.0
731700,35.0
731811,35.0
731812,35.0
731813,35.0
731814,35.0
731815,35.0
731816,35.0
731819,35.0
731821,35.0
731822,35.0
731823,35.0
731824,35.0
731829,35.0
731910,35.0
731920,35.0
731930,35.0
731990,35.0
732010,35.0
732020,35.0
732090,35.0
732111,35.0
732112,35.0
732113,35.0
732181,35.0
732182,35.0
732183,35.0
732190,35.0
732211,35.0
732219,35.0
732290,35.0
732310,35.0
732391,35.0
732392,35.0
732393,35.0
732394,35.0
732399,35.0
732410,35.0
732421,35.0
732429,35.0
732490,35.0
732510,35.0
732591,35.0
732599,35.0
732611,35.0
732619,35.0
732620,35.0
732690,35.0
740110,35.0
740120,35.0
740200,35.0
740311,35.0
740312,35.0
740313,35.0
740319,35.0
740321,35.0
740322,35.0
740323,35.0
740329,35.0
740400,35.0
740500,35.0
740610,35.0
740620,35.0
740710,35.0
740721,35.0
740722,35.0
740729,35.0
740811,35.0
740819,35.0
740821,35.0
740822,35.0
740829,35.0
740911,35.0
740919,35.0
740921,35.0
740929,35.0
740931,35.0
740939,35.0
740940,35.0
740990,35.0
741011,35.0
741012,35.0
741021,35.0
741022,35.0
741110,35.0
741121,35.0
741122,35.0
741129,35.0
741210,35.0
741220,35.0
741300,35.0
741420,35.0
741490,35.0
741510,35.0
741521,35.0
741529,35.0
741531,35.0
741532,35.0
741539,35.0
741600,35.0
741700,35.0
741811,35.0
741819,35.0
741820,35.0
741910,35.0
741991,35.0
741999,35.0
750110,15.0
750120,15.0
750210,15.0
750220,15.0
750300,15.0
750400,15.0
750511,15.0
750512,15.0
750521,15.0
750522,15.0
750610,15.0
750620,15.0
750711,15.0
750712,15.0
750720,15.0
750810,15.0
750890,15.0
760110,25.0
760120,25.0
760200,25.0
760310,25.0
760320,25.0
760410,25.0
760421,25.0
760429,25.0
760511,25.0
760519,25.0
760521,25.0
760529,25.0
760611,25.0
760612,25.0
760691,25.0
760692,25.0
760711,25.0
760719,25.0
760720,25.0
760810,25.0
760820,25.0
760900,25.0
761010,25.0
761090,25.0
761100,25.0
761210,25.0
761290,25.0
761300,25.0
761410,25.0
761490,25.0
761511,25.0
761519,25.0
761520,25.0
761610,25.0
761691,25.0
761699,25.0
780110,35.0
780191,35.0
780199,35.0
780200,35.0
780300,35.0
780411,35.0
780419,35.0
780420,35.0
780500,35.0
780600,35.0
790111,35.0
790112,35.0
790120,35.0
790200,35.0
790310,35.0
790390,35.0
790400,35.0
790500,35.0
790600,35.0
790700,35.0
800110,25.0
800120,25.0
800200,25.0
800300,25.0
800400,25.0
800500,25.0
800600,25.0
800700,25.0
810110,35.0
810191,35.0
810192,35.0
810193,35.0
810199,35.0
810210,35.0
810291,35.0
810292,35.0
810293,35.0
810299,35.0
810310,35.0
810390,35.0
810411,35.0
810419,35.0
810420,35.0
810430,35.0
810490,35.0
810510,35.0
810590,35.0
810600,35.0
810710,35.0
810790,35.0
810810,35.0
810890,35.0
810910,35.0
810990,35.0
811000,35.0
811100,35.0
811211,35.0
811219,35.0
811220,35.0
811230,35.0
811240,35.0
811291,35.0
811299,35.0
811300,35.0
820110,25.0
820120,25.0
820130,25.0
820140,25.0
820150,25.0
820160,25.0
820190,25.0
820210,25.0
820220,25.0
820231,25.0
820239,25.0
820240,25.0
820291,25.0
820299,25.0
820310,25.0
820320,25.0
820330,25.0
820340,25.0
820411,25.0
820412,25.0
820420,25.0
820510,25.0
820520,25.0
820530,25.0
820540,25.0
820551,25.0
820559,25.0
820560,25.0
820570,25.0
820580,25.0
820590,25.0
820600,25.0
820713,25.0
820719,25.0
820720,25.0
820730,25.0
820740,25.0
820750,25.0
820760,25.0
820770,25.0
820780,25.0
820790,25.0
820810,25.0
820820,25.0
820830,25.0
820840,25.0
820890,25.0
820900,25.0
821000,25.0
821110,25.0
821191,25.0
821192,25.0
821193,25.0
821194,25.0
821195,25.0
821210,40.0
821220,40.0
821290,40.0
821300,40.0
821410,40.0
821420,40.0
821490,40.0
821510,40.0
821520,40.0
821591,40.0
821599,40.0
830110,40.0
830120,40.0
830130,40.0
830140,40.0
830150,40.0
830160,40.0
830170,40.0
830210,40.0
830220,40.0
830230,40.0
830241,40.0
830242,40.0
830249,40.0
830250,40.0
830260,40.0
830300,40.0
830400,40.0
830510,40.0
830520,40.0
830590,40.0
830610,40.0
830621,40.0
830629,40.0
830630,40.0
830710,40.0
830790,40.0
830810,40.0
830820,40.0
830890,40.0
830910,40.0
830990,40.0
831000,40.0
831110,40.0
831120,40.0
831130,40.0
831190,40.0
840110,25.0
840120,25.0
840130,25.0
840140,25.0
840211,25.0
840212,25.0
840219,25.0
840220,25.0
840290,25.0
840310,25.0
840390,25.0
840410,25.0
840420,25.0
840490,25.0
840510,25.0
840590,25.0
840610,25.0
840681,25.0
840682,25.0
840690,25.0
840710,25.0
840721,5.0
840729,25.0
840731,35.0
840732,35.0
840733,35.0
840734,35.0
840790,25.0
840810,25.0
840820,35.0
840890,25.0
840910,25.0
840991,35.0
840999,35.0
841011,25.0
841012,25.0
841013,25.0
841090,25.0
841111,25.0
841112,25.0
841121,25.0
841122,25.0
841181,25.0
841182,25.0
841191,25.0
841199,25.0
841210,25.0
841221,25.0
841229,25.0
841231,25.0
841239,25.0
841280,25.0
841290,25.0
841311,25.0
841319,25.0
841320,25.0
841330,25.0
841340,25.0
841350,25.0
841360,25.0
841370,25.0
841381,25.0
841382,25.0
841391,25.0
841392,25.0
841410,25.0
841420,25.0
841430,35.0
841440,25.0
841451,25.0
841459,25.0
841460,25.0
841480,35.0
841490,35.0
841510,40.0
841520,40.0
841581,40.0
841582,40.0
841583,40.0
841590,40.0
841610,25.0
841620,25.0
841630,25.0
841690,25.0
841710,25.0
841720,25.0
841780,25.0
841790,25.0
841810,25.0
841821,40.0
841822,40.0
841829,40.0
841830,25.0
841840,25.0
841850,25.0
841861,25.0
841869,25.0
841891,25.0
841899,25.0
841911,25.0
841919,25.0
841920,25.0
841931,25.0
841932,25.0
841939,25.0
841940,25.0
841950,25.0
841960,25.0
841981,25.0
841989,25.0
841990,25.0
842010,25.0
842091,25.0
842099,25.0
842111,25.0
842112,25.0
842119,25.0
842121,25.0
842122,25.0
842123,25.0
842129,25.0
842131,25.0
842139,25.0
842191,25.0
842199,25.0
842211,40.0
842219,40.0
842220,25.0
842230,25.0
842240,25.0
842290,40.0
842310,40.0
842320,25.0
842330,25.0
842381,25.0
842382,25.0
842389,25.0
842390,25.0
842410,25.0
842420,25.0
842430,25.0
842481,25.0
842489,25.0
842490,25.0
842511,25.0
842519,25.0
842520,25.0
842531,25.0
842539,25.0
842541,25.0
842542,25.0
842549,25.0
842611,25.0
842612,25.0
842619,25.0
842620,25.0
842630,25.0
842641,25.0
842649,25.0
842691,25.0
842699,25.0
842710,25.0
842720,25.0
842790,25.0
842810,25.0
842820,25.0
842831,25.0
842832,25.0
842833,25.0
842839,25.0
842840,25.0
842850,25.0
842860,25.0
842890,25.0
842911,25.0
842919,25.0
842920,25.0
842930,25.0
842940,25.0
842951,25.0
842952,25.0
842959,25.0
843010,25.0
843020,25.0
843031,25.0
843039,25.0
843041,25.0
843049,25.0
843050,25.0
843061,25.0
843062,25.0
843069,25.0
843110,25.0
843120,25.0
843131,25.0
843139,25.0
843141,25.0
843142,25.0
843143,25.0
843149,25.0
843210,25.0
843221,25.0
843229,25.0
843230,25.0
843240,25.0
843280,25.0
843290,25.0
843311,25.0
843319,25.0
843320,25.0
843330,25.0
843340,25.0
843351,25.0
843352,25.0
843353,25.0
843359,25.0
843360,25.0
843390,25.0
843410,25.0
843420,25.0
843490,25.0
843510,25.0
843590,25.0
843610,25.0
843621,25.0
843629,25.0
843680,25.0
843691,25.0
843699,25.0
843710,25.0
843780,25.0
843790,25.0
843810,25.0
843820,25.0
843830,25.0
843840,25.0
843850,25.0
843860,25.0
843880,25.0
843890,25.0
843910,25.0
843920,25.0
843930,25.0
843991,25.0
843999,25.0
844010,25.0
844090,25.0
844110,25.0
844120,25.0
844130,25.0
844140,25.0
844180,25.0
844190,25.0
844210,25.0
844220,25.0
844230,25.0
844240,25.0
844250,25.0
844311,25.0
844312,25.0
844319,25.0
844321,25.0
844329,25.0
844330,25.0
844340,25.0
844351,25.0
844359,25.0
844360,25.0
844390,25.0
844400,25.0
844511,25.0
844512,25.0
844513,25.0
844519,25.0
844520,25.0
844530,25.0
844540,25.0
844590,25.0
844610,25.0
844621,25.0
844629,25.0
844630,25.0
844711,25.0
844712,25.0
844720,25.0
844790,25.0
844811,25.0
844819,40.0
844820,25.0
844831,25.0
844832,25.0
844833,25.0
844839,25.0
844841,25.0
844842,25.0
844849,25.0
844851,25.0
844859,25.0
844900,25.0
845011,40.0
845012,40.0
845019,40.0
845020,35.0
845090,40.0
845110,35.0
845121,25.0
845129,25.0
845130,25.0
845140,25.0
845150,25.0
845180,25.0
845190,35.0
845210,40.0
845221,25.0
845229,25.0
845230,35.0
845240,35.0
845290,40.0
845310,25.0
845320,25.0
845380,25.0
845390,25.0
845410,25.0
845420,25.0
845430,25.0
845490,25.0
845510,25.0
845521,25.0
845522,25.0
845530,25.0
845590,25.0
845610,25.0
845620,25.0
845630,25.0
845691,25.0
845699,25.0
845710,25.0
845720,25.0
845730,25.0
845811,25.0
845819,25.0
845891,25.0
845899,25.0
845910,25.0
845921,25.0
845929,25.0
845931,25.0
845939,25.0
845940,25.0
845951,25.0
845959,25.0
845961,25.0
845969,25.0
845970,25.0
846011,25.0
846019,25.0
846021,25.0
846029,25.0
846031,25.0
846039,25.0
846040,25.0
846090,25.0
846110,25.0
846120,25.0
846130,25.0
846140,25.0
846150,25.0
846190,25.0
846210,25.0
846221,25.0
846229,25.0
846231,25.0
846239,25.0
846241,25.0
846249,25.0
846291,25.0
846299,25.0
846310,25.0
846320,25.0
846330,25.0
846390,25.0
846410,25.0
846420,25.0
846490,25.0
846510,25.0
846591,25.0
846592,25.0
846593,25.0
846594,25.0
846595,25.0
846596,25.0
846599,25.0
846610,25.0
846620,25.0
846630,25.0
846691,25.0
846692,25.0
846693,25.0
846694,25.0
846711,25.0
846719,25.0
846781,25.0
846789,25.0
846791,25.0
846792,25.0
846799,25.0
846810,25.0
846820,25.0
846880,25.0
846890,25.0
846911,25.0
846912,40.0
846920,40.0
846930,40.0
847010,25.0
847021,25.0
847029,25.0
847030,25.0
847040,25.0
847050,25.0
847090,25.0
847110,20.0
847130,20.0
847141,20.0
847149,20.0
847150,20.0
847160,20.0
847170,5.0
847180,20.0
847190,20.0
847210,40.0
847220,40.0
847230,40.0
847290,40.0
847310,40.0
847321,25.0
847329,25.0
847330,20.0
847340,40.0
847350,20.0
847410,25.0
847420,25.0
847431,25.0
847432,25.0
847439,25.0
847480,25.0
847490,25.0
847510,25.0
847521,25.0
847529,25.0
847590,25.0
847621,25.0
847629,25.0
847681,25.0
847689,25.0
847690,25.0
847710,25.0
847720,25.0
847730,25.0
847740,25.0
847751,25.0
847759,25.0
847780,25.0
847790,25.0
847810,25.0
847890,25.0
847910,25.0
847920,25.0
847930,25.0
847940,25.0
847950,35.0
847960,35.0
847981,25.0
847982,25.0
847989,35.0
847990,25.0
848010,25.0
848020,25.0
848030,25.0
848041,25.0
848049,25.0
848050,25.0
848060,25.0
848071,25.0
848079,25.0
848110,25.0
848120,25.0
848130,25.0
848140,25.0
848180,25.0
848190,25.0
848210,0.0
848220,0.0
848230,0.0
848240,0.0
848250,0.0
848280,0.0
848291,0.0
848299,0.0
848310,25.0
848320,0.0
848330,25.0
848340,25.0
848350,25.0
848360,25.0
848390,25.0
848410,25.0
848420,25.0
848490,25.0
848510,35.0
848590,35.0
850110,25.0
850120,25.0
850131,25.0
850132,25.0
850133,25.0
850134,25.0
850140,25.0
850151,25.0
850152,25.0
850153,25.0
850161,25.0
850162,25.0
850163,25.0
850164,25.0
850211,25.0
850212,25.0
850213,25.0
850220,25.0
850231,25.0
850239,25.0
850240,25.0
850300,25.0
850410,25.0
850421,25.0
850422,25.0
850423,25.0
850431,25.0
850432,25.0
850433,25.0
850434,25.0
850440,25.0
850450,25.0
850490,25.0
850511,25.0
850519,25.0
850520,25.0
850530,25.0
850590,25.0
850610,40.0
850630,40.0
850640,40.0
850650,40.0
850660,40.0
850680,40.0
850690,40.0
850710,40.0
850720,40.0
850730,40.0
850740,40.0
850780,40.0
850790,40.0
850810,25.0
850820,25.0
850880,25.0
850890,25.0
850910,40.0
850920,40.0
850930,40.0
850940,40.0
850980,40.0
850990,40.0
851010,40.0
851020,40.0
851030,40.0
851090,40.0
851110,40.0
851120,40.0
851130,40.0
851140,40.0
851150,40.0
851180,40.0
851190,40.0
851210,40.0
851220,40.0
851230,40.0
851240,40.0
851290,40.0
851310,40.0
851390,40.0
851410,25.0
851420,25.0
851430,25.0
851440,25.0
851490,25.0
851511,25.0
851519,25.0
851521,25.0
851529,25.0
851531,25.0
851539,25.0
851580,25.0
851590,25.0
851610,40.0
851621,40.0
851629,40.0
851631,40.0
851632,40.0
851633,40.0
851640,40.0
851650,40.0
851660,40.0
851671,40.0
851672,40.0
851679,40.0
851680,40.0
851690,25.0
851711,35.0
851719,35.0
851721,35.0
851722,35.0
851730,25.0
851750,25.0
851780,35.0
851790,20.0
851810,40.0
851821,40.0
851822,40.0
851829,40.0
851830,40.0
851840,40.0
851850,40.0
851890,25.0
851910,40.0
851921,40.0
851929,40.0
851931,40.0
851939,40.0
851940,40.0
851992,40.0
851993,40.0
851999,40.0
852010,40.0
852020,25.0
852032,40.0
852033,40.0
852039,40.0
852090,40.0
852110,40.0
852190,40.0
852210,35.0
852290,40.0
852311,25.0
852312,25.0
852313,25.0
852320,25.0
852330,40.0
852390,25.0
852410,40.0
852431,25.0
852432,40.0
852439,40.0
852440,25.0
852451,40.0
852452,40.0
852453,40.0
852460,40.0
852491,25.0
852499,40.0
852510,25.0
852520,25.0
852530,40.0
852540,40.0
852610,40.0
852691,40.0
852692,40.0
852712,40.0
852713,40.0
852719,40.0
852721,40.0
852729,40.0
852731,40.0
852732,40.0
852739,40.0
852790,35.0
852812,40.0
852813,40.0
852821,40.0
852822,40.0
852830,40.0
852910,25.0
852990,25.0
853010,25.0
853080,25.0
853090,25.0
853110,40.0
853120,25.0
853180,40.0
853190,40.0
853210,40.0
853221,15.0
853222,25.0
853223,25.0
853224,15.0
853225,25.0
853229,25.0
853230,25.0
853290,15.0
853310,15.0
853321,15.0
853329,15.0
853331,15.0
853339,15.0
853340,15.0
853390,10.0
853400,15.0
853510,30.0
853521,30.0
853529,30.0
853530,30.0
853540,30.0
853590,30.0
853610,35.0
853620,35.0
853630,35.0
853641,35.0
853649,35.0
853650,35.0
853661,35.0
853669,35.0
853690,35.0
853710,35.0
853720,25.0
853810,35.0
853890,35.0
853910,40.0
853921,40.0
853922,40.0
853929,40.0
853931,40.0
853932,40.0
853939,40.0
853941,40.0
853949,40.0
853990,40.0
854011,35.0
854012,25.0
854020,25.0
854040,25.0
854050,25.0
854060,25.0
854071,25.0
854072,25.0
854079,25.0
854081,25.0
854089,25.0
854091,35.0
854099,25.0
854110,15.0
854121,15.0
854129,15.0
854130,15.0
854140,15.0
854150,15.0
854160,15.0
854190,10.0
854212,5.0
854213,5.0
854214,5.0
854219,5.0
854230,5.0
854240,5.0
854250,5.0
854290,5.0
854311,25.0
854319,25.0
854320,25.0
854330,25.0
854340,25.0
854381,25.0
854389,35.0
854390,25.0
854411,40.0
854419,40.0
854420,40.0
854430,40.0
854441,40.0
854449,40.0
854451,40.0
854459,40.0
854460,40.0
854470,25.0
854511,25.0
854519,25.0
854520,25.0
854590,25.0
854610,25.0
854620,25.0
854690,25.0
854710,25.0
854720,25.0
854790,25.0
854810,35.0
854890,35.0
860110,40.0
860120,40.0
860210,40.0
860290,40.0
860310,40.0
860390,40.0
860400,40.0
860500,40.0
860610,40.0
860620,40.0
860630,40.0
860691,40.0
860692,40.0
860699,40.0
860711,25.0
860712,25.0
860719,25.0
860721,25.0
860729,25.0
860730,25.0
860791,25.0
860799,25.0
860800,25.0
860900,40.0
870110,40.0
870120,40.0
870130,40.0
870190,40.0
870210,40.0
870290,40.0
870310,40.0
870321,40.0
870322,40.0
870323,40.0
870324,40.0
870331,40.0
870332,40.0
870333,40.0
870390,40.0
870410,40.0
870421,40.0
870422,40.0
870423,40.0
870431,40.0
870432,40.0
870490,40.0
870510,40.0
870520,40.0
870530,40.0
870540,40.0
870590,40.0
870600,40.0
870710,40.0
870790,40.0
870810,40.0
870821,40.0
870829,40.0
870831,40.0
870839,40.0
870840,40.0
870850,40.0
870860,40.0
870870,40.0
870880,40.0
870891,40.0
870892,40.0
870893,40.0
870894,40.0
870899,40.0
870911,40.0
870919,40.0
870990,40.0
871000,0.0
871110,40.0
871120,40.0
871130,40.0
871140,40.0
871150,40.0
871190,40.0
871200,40.0
871310,40.0
871390,40.0
871411,40.0
871419,40.0
871420,40.0
871491,40.0
871492,40.0
871493,40.0
871494,40.0
871495,40.0
871496,40.0
871499,40.0
871500,40.0
871610,40.0
871620,40.0
871631,40.0
871639,40.0
871640,40.0
871680,40.0
871690,40.0
880110,40.0
880190,40.0
880211,40.0
880212,40.0
880220,3.0
880230,3.0
880240,3.0
880260,40.0
880310,3.0
880320,3.0
880330,3.0
880390,40.0
880400,40.0
880510,40.0
880520,40.0
890110,40.0
890120,40.0
890130,40.0
890190,40.0
890200,40.0
890310,40.0
890391,40.0
890392,40.0
890399,40.0
890400,40.0
890510,40.0
890520,40.0
890590,40.0
890600,40.0
890710,40.0
890790,40.0
890800,5.0
900110,40.0
900120,40.0
900130,40.0
900140,40.0
900150,40.0
900190,40.0
900211,40.0
900219,40.0
900220,40.0
900290,40.0
900311,40.0
900319,40.0
900390,40.0
900410,40.0
900490,40.0
900510,40.0
900580,40.0
900590,40.0
900610,40.0
900620,40.0
900630,40.0
900640,40.0
900651,40.0
900652,40.0
900653,40.0
900659,40.0
900661,40.0
900662,40.0
900669,40.0
900691,25.0
900699,25.0
900711,40.0
900719,40.0
900720,40.0
900791,25.0
900792,25.0
900810,40.0
900820,40.0
900830,40.0
900840,40.0
900890,25.0
900911,40.0
900912,40.0
900921,40.0
900922,40.0
900930,40.0
900990,25.0
901010,40.0
901041,40.0
901042,40.0
901049,40.0
901050,40.0
901060,40.0
901090,25.0
901110,25.0
901120,25.0
901180,25.0
901190,25.0
901210,25.0
901290,25.0
901310,25.0
901320,25.0
901380,25.0
901390,25.0
901410,25.0
901420,25.0
901480,25.0
901490,25.0
901510,25.0
901520,25.0
901530,25.0
901540,25.0
901580,25.0
901590,25.0
901600,25.0
901710,25.0
901720,25.0
901730,25.0
901780,25.0
901790,25.0
901811,25.0
901812,25.0
901813,25.0
901814,25.0
901819,25.0
901820,25.0
901831,25.0
901832,25.0
901839,25.0
901841,25.0
901849,25.0
901850,25.0
901890,25.0
901910,25.0
901920,25.0
902000,25.0
902111,25.0
902119,25.0
902121,25.0
902129,25.0
902130,25.0
902140,25.0
902150,25.0
902190,25.0
902212,25.0
902213,25.0
902214,25.0
902219,40.0
902221,25.0
902229,40.0
902230,40.0
902290,40.0
902300,25.0
902410,25.0
902480,25.0
902490,25.0
902511,25.0
902519,25.0
902580,25.0
902590,25.0
902610,25.0
902620,20.0
902680,20.0
902690,20.0
902710,25.0
902720,20.0
902730,20.0
902740,25.0
902750,20.0
902780,20.0
902790,25.0
902810,25.0
902820,25.0
902830,25.0
902890,25.0
902910,25.0
902920,25.0
902990,25.0
903010,25.0
903020,25.0
903031,25.0
903039,25.0
903040,25.0
903082,25.0
903083,25.0
903089,25.0
903090,25.0
903110,25.0
903120,25.0
903130,25.0
903141,25.0
903149,25.0
903180,25.0
903190,25.0
903210,25.0
903220,25.0
903281,25.0
903289,25.0
903290,25.0
903300,25.0
910111,40.0
910112,40.0
910119,40.0
910121,40.0
910129,40.0
910191,40.0
910199,40.0
910211,40.0
910212,40.0
910219,40.0
910221,40.0
910229,40.0
910291,40.0
910299,40.0
910310,40.0
910390,40.0
910400,40.0
910511,40.0
910519,40.0
910521,40.0
910529,40.0
910591,40.0
910599,40.0
910610,40.0
910620,40.0
910690,40.0
910700,40.0
910811,25.0
910812,25.0
910819,25.0
910820,25.0
910891,25.0
910899,25.0
910911,25.0
910919,25.0
910990,25.0
911011,25.0
911012,25.0
911019,25.0
911090,25.0
911110,40.0
911120,35.0
911180,35.0
911190,40.0
911210,35.0
911280,35.0
911290,35.0
911310,40.0
911320,35.0
911390,35.0
911410,25.0
911420,25.0
911430,25.0
911440,25.0
911490,25.0
920110,35.0
920120,35.0
920190,35.0
920210,35.0
920290,35.0
920300,35.0
920410,35.0
920420,35.0
920510,35.0
920590,35.0
920600,35.0
920710,35.0
920790,35.0
920810,35.0
920890,35.0
920910,35.0
920920,35.0
920930,35.0
920991,35.0
920992,35.0
920993,35.0
920994,35.0
920999,35.0
930100,40.0
930200,40.0
930310,40.0
930320,40.0
930330,40.0
930390,40.0
930400,40.0
930510,40.0
930521,40.0
930529,40.0
930590,40.0
930610,40.0
930621,40.0
930629,40.0
930630,40.0
930690,40.0
930700,40.0
940110,40.0
940120,40.0
940130,40.0
940140,40.0
940150,40.0
940161,40.0
940169,40.0
940171,40.0
940179,40.0
940180,40.0
940190,40.0
940210,40.0
940290,40.0
940310,40.0
940320,40.0
940330,40.0
940340,40.0
940350,40.0
940360,40.0
940370,40.0
940380,40.0
940390,40.0
940410,40.0
940421,40.0
940429,40.0
940430,40.0
940490,40.0
940510,40.0
940520,40.0
940530,40.0
940540,40.0
940550,40.0
940560,40.0
940591,40.0
940592,40.0
940599,40.0
940600,40.0
950100,25.0
950210,25.0
950291,25.0
950299,25.0
950310,25.0
950320,25.0
950330,25.0
950341,25.0
950349,25.0
950350,25.0
950360,25.0
950370,25.0
950380,25.0
950390,25.0
950410,25.0
950420,25.0
950430,25.0
950440,25.0
950490,25.0
950510,25.0
950590,25.0
950611,25.0
950612,25.0
950619,25.0
950621,25.0
950629,25.0
950631,25.0
950632,25.0
950639,25.0
950640,25.0
950651,25.0
950659,25.0
950661,25.0
950662,25.0
950669,25.0
950670,25.0
950691,25.0
950699,25.0
950710,25.0
950720,25.0
950730,25.0
950790,25.0
950800,25.0
960110,40.0
960190,40.0
960200,40.0
960310,40.0
960321,40.0
960329,40.0
960330,40.0
960340,40.0
960350,40.0
960390,40.0
960400,40.0
960500,40.0
960610,40.0
960621,40.0
960622,40.0
960629,40.0
960630,40.0
960711,40.0
960719,40.0
960720,40.0
960810,40.0
960820,40.0
960831,40.0
960839,40.0
960840,40.0
960850,40.0
960860,40.0
960891,40.0
960899,40.0
960910,40.0
960920,40.0
960990,40.0
961000,40.0
961100,40.0
961210,40.0
961220,40.0
961310,40.0
961320,40.0
961330,40.0
961380,40.0
961390,40.0
961420,40.0
961490,40.0
961511,40.0
961519,40.0
961590,40.0
961610,40.0
961620,40.0
961700,40.0
961800,40.0
970110,40.0
970190,40.0
970200,40.0
970300,40.0
970400,0.0
970500,40.0
970600,40.0
